{
  "timestamp": "2026-07-16T16:42:17.295570Z",
  "cold_boot_ms": 192.12040002457798,
  "warm_boot_ms": 0.000200001522898674,
  "memory_usage_mb": 77.14453125,
  "cpu_usage_pct": 11.8,
  "startup_latency_ms": 192.12060002610087,
  "agent_startup_ms": 45.0,
  "provider_latency_ms": 120.0,
  "memory_latency_ms": 5.415800027549267,
  "database_latency_ms": 4.241381000028923,
  "workflow_throughput": 85.5,
  "task_throughput": 145.0,
  "optimization_suggestions": [
    "Database writes are performing optimally (<5ms).",
    "Memory footprint is within safe boundaries (<500MB)."
  ]
}